{
  "project_info": {
    "project_number": "270480609755",
    "project_id": "campers-haven-d62cc",
    "storage_bucket": "campers-haven-d62cc.appspot.com"
  },
  "client": [
    {
      "client_info": {
        "mobilesdk_app_id": "1:270480609755:android:27f4f36540ea9bda4e97fe",
        "android_client_info": {
          "package_name": "com.example.campershaven"
        }
      },
      "oauth_client": [],
      "api_key": [
        {
          "current_key": "AIzaSyDC4kZ7zMBV5ac_50BXmSn_-J5hLMQBIa4"
        }
      ],
      "services": {
        "appinvite_service": {
          "other_platform_oauth_client": []
        }
      }
    }
  ],
  "configuration_version": "1"
}